{"_timestamp":1.769861530431115e+09,"train/loss":3.2755,"train/grad_norm":1.7681978940963745,"train/epoch":0.015189873417721518,"_step":2,"train/learning_rate":8e-05,"_runtime":5491,"train/global_step":3,"_wandb":{"runtime":5491}}