{"_wandb":{"runtime":2855},"train/grad_norm":0.912170946598053,"train/epoch":0.022792022792022793,"_timestamp":1.7699115017825935e+09,"train/global_step":18,"_runtime":2855,"train/loss":1.8114,"train/learning_rate":0.00019694267515923567,"_step":17}