{"train/learning_rate":8e-05,"train/epoch":0.003798670465337132,"_step":2,"train/loss":3.1048,"train/grad_norm":1.6271899938583374,"_timestamp":1.7699119659292836e+09,"train/global_step":3,"_wandb":{"runtime":340},"_runtime":340}