{"train/grad_norm":1.330849528312683,"train/epoch":0.017721518987341773,"_runtime":1106,"_wandb":{"runtime":1106},"train/global_step":7,"_timestamp":1.7699209282920632e+09,"train/loss":2.5375,"_step":6,"train/learning_rate":0.0001994871794871795}