{"train/loss":1.6486,"train/grad_norm":0.39759594202041626,"train/learning_rate":0.0001871794871794872,"_timestamp":1.7699191714972112e+09,"train/global_step":31,"train/epoch":0.07848101265822785,"_step":30,"_runtime":5822,"_wandb":{"runtime":5822}}