{"_runtime":326,"train/loss":3.2211,"train/epoch":0.002531645569620253,"_wandb":{"runtime":326},"_timestamp":1.7699193951153526e+09,"train/global_step":1,"_step":0,"train/grad_norm":2.5023632049560547,"train/learning_rate":0}