{"_timestamp":1.7699246388276947e+09,"train/epoch":0.07088607594936709,"train/grad_norm":0.5336007475852966,"train/learning_rate":0.0001917098445595855,"_wandb":{"runtime":3659},"train/global_step":14,"train/loss":1.918,"_runtime":3659,"_step":13}